Model Name,Perplexity,BLEU Score,Inference Time (ms),Model Size (GB),Training Data Size (GB),Topsis Score,Rank
GPT-3,10.2,88.5,500,175.0,570,0.32915169844237385,4.0
T5,12.3,82.7,700,11.0,745,0.6285817143469867,2.0
BLOOM,15.0,75.2,900,176.0,366,0.10824702849649935,5.0
XLNet,13.8,79.5,600,0.34,158,0.4909614543651838,3.0
LLaMA,11.5,85.0,400,65.0,1400,0.7812475578081862,1.0
